model,recall_churn,precision_churn,f1_churn,roc_auc
logistic_regression,0.8370224626988031,0.8036838790931989,0.8200144566701469,0.9028985871258822
decision_tree,0.9886866699458927,0.9680526569272756,0.9782608695652174,0.9986248519847545
random_forest,0.9919658960485326,0.9944115713346483,0.9931872281047361,0.9998458386252959
